<?xml version="1.0"?>
<doc>
    <assembly>
        <name>Manatee.Trello.ManateeJson</name>
    </assembly>
    <members>
        <member name="T:Manatee.Trello.ManateeJson.ManateeFactory">
            <summary>
            Creates instances of JSON interfaces.
            </summary>
        </member>
        <member name="M:Manatee.Trello.ManateeJson.ManateeFactory.Create``1">
            <summary>
            Creates an instance of the requested JSON interface.
            </summary>
            <typeparam name="T">The type to create.</typeparam>
            <returns>An instance of the requested type.</returns>
        </member>
        <member name="T:Manatee.Trello.ManateeJson.ManateeSerializer">
            <summary>
            Wrapper class for the Manatee.Json.Serializer for use with RestSharp.
            </summary>
        </member>
        <member name="M:Manatee.Trello.ManateeJson.ManateeSerializer.#ctor">
            <summary>
            Creates and initializes a new instance of the ManateeJsonSerializer class.
            </summary>
        </member>
        <member name="M:Manatee.Trello.ManateeJson.ManateeSerializer.Serialize(System.Object)">
            <summary>
            Serializes an object to JSON.
            </summary>
            <param name="obj">The object to serialize.</param>
            <returns>An equivalent JSON string.</returns>
        </member>
        <member name="M:Manatee.Trello.ManateeJson.ManateeSerializer.Deserialize``1(Manatee.Trello.Rest.IRestResponse{``0})">
            <summary>
            Attempts to deserialize a RESTful response to the indicated type.
            </summary>
            <typeparam name="T">The type of object expected.</typeparam>
            <param name="response">The response object which contains the JSON to deserialize.</param>
            <returns>The requested object, if JSON is valid; null otherwise.</returns>
        </member>
        <member name="M:Manatee.Trello.ManateeJson.ManateeSerializer.Deserialize``1(System.String)">
            <summary>
            Attempts to deserialize a RESTful response to the indicated type.
            </summary>
            <typeparam name="T">The type of object expected.</typeparam>
            <param name="content">A string which contains the JSON to deserialize.</param>
            <returns>The requested object, if JSON is valid; null otherwise.</returns>
        </member>
    </members>
</doc>
